;PPIND;FICE;STATE;TYPE;AVRMATH;AVRVERB;AVRCOMB;AVR_ACT;MATH_1;MATH_3;VERB_1;VERB_3;ACT_1;ACT_3;APP_REC;APP_ACC;NEW_STUD;NEW10;NEW25;FULLTIME;PARTTIME;IN_STATE;OUT_STAT;R_B_COST;ROOM;BOARD;ADD_FEE;BOOK;PERSONAL;PH_D;TERM_D;SF_RATIO;DONATE;INSTRUCT;GRADUAT;SAL_FULL;SAL_AC;SAL_AS;SAL_ALL;COMP_FUL;COMP_AC;COMP_AS;COMP_ALL;NUM_FULL;NUM_AC;NUM_AS;NUM_INS;NUM_ALL
Auburn University-Ma;1;1009;AL;I;575,000;501,000;1076,000;24,000;520,000;638,000;453,000;559,000;21,000;27,000;7548,000;6791,000;3070,000;25,000;57,000;16262,000;1716,000;2100,000;6300,000;3933,000;;;;600,000;1908,000;85,000;91,000;16,700;18,000;6642,000;69,000;580,000;437,000;374,000;455,000;692,000;527,000;451,000;546,000;366,000;354,000;301,000;66,000;1109
University of Alabam;1;1051;AL;I;;;;23,000;;;;;20,000;25,000;7593,000;5972,000;2682,000;;57,000;13780,000;1599,000;2172,000;5424,000;3530,000;1600,000;1930,000;;580,000;1654,000;80,000;91,000;17,300;29,000;6426,000;50,000;605,000;447,000;382,000;463,000;746,000;563,000;483,000;580,000;267,000;206,000;206,000;76,000;762
University of Alabam;1;1052;AL;I;;;;21,000;;;;;18,000;24,000;1797,000;1260,000;938,000;24,000;35,000;6960,000;4698,000;2220,000;4440,000;5175,000;1935,000;3240,000;291,000;750,000;2200,000;96,000;96,000;6,700;16,000;16352,000;33,000;633,000;445,000;366,000;461,000;786,000;569,000;475,000;587,000;106,000;163,000;107,000;19,000;406
University of Alaska;1;1063;AK;I;499,000;462,000;961,000;22,000;;;;;;;1852,000;1427,000;928,000;;;3885,000;4519,000;1742,000;5226,000;3590,000;1800,000;1790,000;155,000;650,000;2304,000;67,000;;10,000;8,000;11935,000;;686,000;560,000;432,000;508,000;914,000;753,000;572,000;677,000;74,000;125,000;118,000;40,000;404
Arizona State Univer;1;1081;AZ;I;521,000;453,000;974,000;23,000;450,000;590,000;390,000;500,000;20,000;25,000;12809,000;10308,000;3761,000;24,000;49,000;22593,000;7585,000;1828,000;7434,000;4850,000;;;66,000;700,000;2100,000;88,000;93,000;18,900;5,000;4602,000;48,000;603,000;449,000;399,000;489,000;723,000;549,000;489,000;593,000;576,000;445,000;251,000;7,000;1383
Northern Arizona Uni;1;1082;AZ;I;495,000;444,000;939,000;22,000;420,000;560,000;380,000;500,000;19,000;24,000;5891,000;4931,000;1973,000;23,000;48,000;11249,000;2682,000;1828,000;6746,000;3728,000;1890,000;1838,000;66,000;620,000;2342,000;78,000;83,000;21,700;7,000;6157,000;41,000;511,000;422,000;359,000;412,000;619,000;518,000;446,000;507,000;173,000;192,000;175,000;33,000;608
University of Arizon;1;1083;AZ;I;526,000;462,000;983,000;23,000;450,000;600,000;400,000;520,000;20,000;26,000;14079,000;12238,000;4529,000;29,000;57,000;21664,000;4894,000;1828,000;7434,000;4216,000;2186,000;2030,000;66,000;620,000;2550,000;91,000;95,000;19,600;;9683,000;49,000;648,000;462,000;411,000;537,000;771,000;561,000;498,000;645,000;647,000;377,000;272,000;2,000;1349
University of Arkans;1;1108;AR;I;;;;;;;;;20,000;26,000;3235,000;3108,000;2133,000;25,000;65,000;9978,000;1530,000;1932,000;5028,000;3300,000;3300,000;;122,000;500,000;2000,000;73,000;89,000;14,800;10,000;6820,000;39,000;563,000;436,000;379,000;452,000;686,000;531,000;461,000;550,000;314,000;198,000;225,000;54,000;806
California Institute;2;1131;CA;I;750,000;660,000;1410,000;;740,000;780,000;610,000;700,000;;;1916,000;507,000;210,000;98,000;;912,000;;16695,000;16695,000;5051,000;;;210,000;735,000;3466,000;;;6,500;36,000;62469,000;83,000;970,000;733,000;576,000;866,000;1204,000;909,000;717,000;1075,000;173,000;40,000;44,000;0,000;257
Stanford University ;2;1305;CA;I;736,000;665,000;1401,000;31,000;650,000;750,000;580,000;690,000;26,000;33,000;13608,000;2926,000;1616,000;88,000;97,000;6573,000;;18669,000;18669,000;6795,000;;;;840,000;1355,000;;99,000;9,700;25,000;33629,000;96,000;952,000;658,000;519,000;824,000;1144,000;814,000;653,000;1000,000;533,000;139,000;145,000;0,000;834
University of Califo;1;1312;CA;I;654,000;564,000;1218,000;;590,000;730,000;500,000;640,000;;;19873,000;8252,000;3215,000;95,000;;19532,000;2061,000;3949,000;11648,000;6246,000;;;;636,000;1933,000;93,000;97,000;15,800;10,000;13919,000;78,000;764,000;513,000;433,000;650,000;939,000;631,000;533,000;799,000;834,000;229,000;209,000;0,000;1346
University of Califo;1;1313;CA;I;585,000;485,000;1070,000;24,000;520,000;650,000;420,000;560,000;21,000;27,000;16343,000;11399,000;3124,000;95,000;;15429,000;1888,000;;7699,000;5285,000;;;4374,000;841,000;2374,000;;98,000;14,500;11,000;15873,000;76,000;683,000;478,000;404,000;561,000;840,000;588,000;496,000;689,000;535,000;190,000;234,000;0,000;1072
University of Califo;1;1314;CA;I;574,000;455,000;1029,000;;510,000;640,000;390,000;510,000;;;15698,000;10775,000;2478,000;85,000;;12677,000;864,000;4325,000;12024,000;5302,000;;;;790,000;1818,000;96,000;96,000;16,100;11,000;15934,000;66,000;708,000;488,000;423,000;574,000;870,000;599,000;520,000;705,000;319,000;161,000;138,000;0,000;673
University of Califo;1;1315;CA;I;621,000;520,000;1141,000;;558,000;700,000;460,000;590,000;;;22165,000;10435,000;3591,000;93,000;;21637,000;1255,000;;7689,000;5580,000;;;3894,000;850,000;1255,000;97,000;99,000;11,800;9,000;20260,000;77,000;741,000;497,000;421,000;609,000;910,000;611,000;517,000;748,000;817,000;267,000;298,000;0,000;1499
University of Califo;1;1316;CA;I;542,000;440,000;982,000;23,000;470,000;620,000;360,000;510,000;19,000;25,000;9798,000;7566,000;1470,000;80,000;;6922,000;265,000;;7699,000;5430,000;;;4092,000;780,000;1350,000;98,000;99,000;13,400;8,000;12528,000;62,000;670,000;461,000;390,000;514,000;824,000;567,000;479,000;632,000;183,000;80,000;140,000;0,000;441
University of Califo;1;1317;CA;I;616,000;515,000;1131,000;26,000;560,000;680,000;460,000;570,000;23,000;28,000;19433,000;11469,000;2481,000;95,000;;13738,000;711,000;;7699,000;6607,000;;;4128,000;630,000;1935,000;;;13,900;6,000;17674,000;66,000;723,000;487,000;401,000;595,000;888,000;598,000;493,000;732,000;405,000;147,000;130,000;0,000;734
University of Califo;1;1320;CA;I;547,000;459,000;1006,000;;520,000;610,000;400,000;490,000;;;16663,000;14141,000;3239,000;90,000;;15638,000;693,000;;11218,000;5990,000;;;4372,000;630,000;2045,000;96,000;;18,900;6,000;9475,000;69,000;712,000;473,000;401,000;578,000;875,000;581,000;493,000;711,000;371,000;125,000;145,000;0,000;694
University of Califo;1;1321;CA;I;554,000;505,000;1059,000;;490,000;620,000;440,000;580,000;;;10758,000;8559,000;1717,000;94,000;;8713,000;607,000;;7699,000;6081,000;6081,000;;4110,000;633,000;1191,000;94,000;;21,300;10,000;10860,000;59,000;677,000;464,000;391,000;537,000;832,000;570,000;481,000;660,000;186,000;93,000;92,000;0,000;413
University of Southe;2;1328;CA;I;592,000;498,000;1090,000;25,000;520,000;660,000;430,000;570,000;22,000;28,000;12229,000;8498,000;2477,000;45,000;71,000;13259,000;1429,000;17230,000;17230,000;6482,000;3566,000;2916,000;330,000;600,000;2210,000;90,000;94,000;11,400;10,000;17007,000;68,000;802,000;574,000;484,000;641,000;1016,000;751,000;636,000;825,000;485,000;354,000;286,000;27,000;1165
University of Northe;1;1349;CO;I;480,000;440,000;920,000;22,000;420,000;540,000;380,000;480,000;19,000;24,000;5530,000;4007,000;1697,000;12,000;37,000;8463,000;1498,000;1829,000;7731,000;4128,000;;;398,000;540,000;2286,000;75,000;75,000;21,500;8,000;6309,000;40,000;480,000;390,000;333,000;385,000;565,000;463,000;399,000;458,000;151,000;111,000;129,000;35,000;467
Colorado State Unive;1;1350;CO;I;545,000;479,000;1024,000;25,000;490,000;610,000;430,000;540,000;22,000;27,000;9478,000;6312,000;2194,000;29,000;65,000;15646,000;1829,000;2124,000;8412,000;4180,000;4180,000;;585,000;470,000;1800,000;87,000;89,000;19,200;10,000;7850,000;59,000;598,000;447,000;403,000;517,000;714,000;534,000;481,000;617,000;483,000;255,000;188,000;0,000;926
University of Colora;1;1370;CO;I;;;;;500,000;630,000;440,000;540,000;22,000;28,000;14063,000;9320,000;3436,000;28,000;65,000;18465,000;1541,000;2230,000;12563,000;3811,000;3811,000;;459,000;540,000;2319,000;90,000;90,000;19,900;;8703,000;66,000;652,000;494,000;421,000;528,000;797,000;615,000;519,000;649,000;457,000;301,000;227,000;93,000;1081
University of Denver;2;1371;CO;I;540,000;470,000;1010,000;24,000;470,000;590,000;430,000;540,000;21,000;27,000;2974,000;2001,000;580,000;29,000;60,000;2666,000;554,000;15192,000;15192,000;4695,000;4695,000;;330,000;400,000;1350,000;84,000;91,000;15,900;21,000;11762,000;67,000;623,000;479,000;430,000;509,000;756,000;588,000;525,000;620,000;142,000;106,000;101,000;6,000;378
Yale University     ;2;1426;CT;I;;;;;650,000;750,000;600,000;710,000;;;10705,000;2453,000;1317,000;95,000;99,000;5217,000;83,000;19840,000;19840,000;6510,000;3040,000;3470,000;;630,000;2115,000;96,000;96,000;5,800;49,000;40386,000;99,000;928,000;522,000;444,000;708,000;1127,000;643,000;548,000;863,000;404,000;118,000;191,000;6,000;767
University of Delawa;2;1431;DE;I;;;1035,000;;500,000;610,000;450,000;530,000;;;14446,000;10516,000;3252,000;22,000;57,000;14130,000;4522,000;3690,000;10220,000;4230,000;2280,000;1950,000;410,000;530,000;1300,000;82,000;87,000;18,300;15,000;10650,000;75,000;723,000;531,000;422,000;556,000;922,000;693,000;554,000;721,000;341,000;319,000;217,000;65,000;953
American University ;2;1434;DC;I;583,000;550,000;1133,000;;530,000;625,000;500,000;610,000;;;4613,000;3587,000;1048,000;35,000;77,000;4545,000;873,000;15934,000;15934,000;6400,000;2440,000;3960,000;210,000;450,000;800,000;;93,000;13,600;9,000;11803,000;69,000;746,000;520,000;417,000;555,000;897,000;641,000;505,000;673,000;165,000;119,000;125,000;37,000;446
Catholic University ;2;1437;DC;I;;;;;490,000;610,000;460,000;570,000;22,000;28,000;1754,000;1465,000;505,000;24,000;49,000;2159,000;211,000;13712,000;13712,000;6408,000;3622,000;2786,000;460,000;526,000;1100,000;90,000;96,000;9,300;18,000;12751,000;75,000;611,000;449,000;385,000;482,000;718,000;533,000;459,000;570,000;123,000;141,000;104,000;6,000;374
George Washington Un;2;1444;DC;I;;;;;530,000;650,000;490,000;600,000;24,000;29,000;7875,000;5062,000;1492,000;38,000;71,000;5471,000;1470,000;17450,000;17450,000;6328,000;3998,000;2330,000;720,000;700,000;950,000;92,000;93,000;7,600;15,000;14745,000;72,000;729,000;542,000;447,000;610,000;874,000;653,000;536,000;733,000;316,000;175,000;134,000;12,000;637
Georgetown Universit;2;1445;DC;I;;;;;600,000;690,000;540,000;650,000;26,000;31,000;11115,000;2881,000;1390,000;71,000;93,000;5881,000;406,000;18300,000;18300,000;7131,000;2590,000;4541,000;156,000;670,000;1700,000;91,000;92,000;7,200;27,000;19635,000;95,000;857,000;552,000;427,000;618,000;1080,000;710,000;546,000;785,000;192,000;157,000;154,000;25,000;528
Howard University   ;2;1448;DC;I;457,000;426,000;883,000;20,000;390,000;510,000;360,000;470,000;17,000;22,000;9776,000;3164,000;1666,000;;;6705,000;874,000;7128,000;7128,000;3750,000;2050,000;1700,000;615,000;300,000;;78,000;86,000;7,500;4,000;18287,000;46,000;656,000;483,000;403,000;481,000;780,000;591,000;494,000;587,000;241,000;282,000;189,000;111,000;891
Florida State Univer;1;1489;FL;I;;;;;510,000;630,000;460,000;560,000;23,000;27,000;11651,000;8683,000;3023,000;50,000;90,000;18906,000;3242,000;1780,000;6680,000;4060,000;1910,000;2150,000;;600,000;1020,000;80,000;89,000;23,100;15,000;7250,000;58,000;564,000;399,000;378,000;473,000;729,000;525,000;494,000;616,000;510,000;316,000;192,000;16,000;1038
University of Florid;1;1535;FL;I;;;;;550,000;670,000;470,000;580,000;24,000;28,000;12445,000;8836,000;3623,000;54,000;85,000;24470,000;3286,000;1820,000;7090,000;4180,000;1960,000;2220,000;;630,000;1530,000;88,000;97,000;13,400;20,000;14737,000;66,000;613,000;430,000;399,000;501,000;790,000;567,000;527,000;653,000;981,000;721,000;510,000;49,000;2261
University of Miami ;2;1536;FL;I;;;;;490,000;640,000;430,000;560,000;21,000;27,000;7122,000;5386,000;1643,000;42,000;69,000;7760,000;876,000;16500,000;16500,000;6526,000;3810,000;2716,000;180,000;630,000;1985,000;82,000;94,000;5,900;17,000;17500,000;59,000;693,000;510,000;408,000;513,000;895,000;654,000;514,000;659,000;291,000;200,000;147,000;20,000;769
University of South ;1;1537;FL;I;553,000;492,000;1045,000;23,000;500,000;610,000;430,000;550,000;20,000;25,000;7589,000;4676,000;1876,000;29,000;63,000;14770,000;10962,000;1856,000;6760,000;3776,000;1806,000;1970,000;;500,000;2180,000;84,000;89,000;17,000;7,000;11020,000;47,000;571,000;418,000;369,000;455,000;735,000;547,000;483,000;591,000;387,000;319,000;239,000;45,000;1038
Emory University    ;2;1564;GA;I;650,000;570,000;1220,000;28,000;600,000;700,000;530,000;610,000;26,000;30,000;8506,000;4168,000;1236,000;76,000;97,000;5544,000;192,000;17600,000;17600,000;6000,000;3600,000;2400,000;230,000;600,000;870,000;97,000;98,000;5,000;28,000;28457,000;96,000;796,000;547,000;451,000;608,000;972,000;686,000;567,000;753,000;203,000;177,000;161,000;8,000;549
Georgia Institute of;1;1569;GA;I;;;;;630,000;720,000;520,000;610,000;;;7837,000;4527,000;2276,000;89,000;99,000;8528,000;654,000;1899,000;6489,000;4438,000;4438,000;;444,000;795,000;1164,000;92,000;92,000;19,300;33,000;11271,000;70,000;684,000;517,000;462,000;558,000;862,000;665,000;594,000;711,000;235,000;206,000;167,000;17,000;626
Georgia State Univer;1;1574;GA;I;;;;;410,000;520,000;370,000;480,000;18,000;23,000;3793,000;2341,000;1238,000;9,000;24,000;7732,000;9054,000;2154,000;6744,000;2655,000;2655,000;;246,000;720,000;3450,000;87,000;89,000;19,000;10,000;7762,000;34,000;666,000;474,000;390,000;502,000;817,000;594,000;493,000;624,000;258,000;254,000;241,000;40,000;793
University of Georgi;1;1598;GA;I;571,000;515,000;1086,000;;520,000;640,000;470,000;570,000;;;11220,000;7871,000;3320,000;43,000;79,000;19553,000;2748,000;1899,000;5697,000;3600,000;1770,000;1830,000;453,000;525,000;1755,000;88,000;95,000;14,700;22,000;7881,000;63,000;619,000;444,000;378,000;489,000;768,000;553,000;464,000;607,000;650,000;552,000;391,000;64,000;1658
University of Hawaii;1;1610;HI;I;537,000;441,000;978,000;;470,000;600,000;380,000;500,000;;;3580,000;2603,000;1627,000;36,000;69,000;11028,000;2411,000;1460,000;4460,000;3038,000;1808,000;1230,000;97,000;687,000;1281,000;85,000;87,000;11,800;6,000;12833,000;54,000;713,000;532,000;458,000;570,000;887,000;677,000;587,000;719,000;442,000;285,000;272,000;;1099
University of Idaho ;1;1626;ID;I;517,000;463,000;980,000;23,000;420,000;580,000;390,000;530,000;19,000;25,000;3133,000;2799,000;1337,000;24,000;49,000;7242,000;1431,000;1548,000;5962,000;3540,000;;;;832,000;;82,000;95,000;13,500;18,000;8805,000;45,000;514,000;408,000;373,000;438,000;640,000;514,000;472,000;550,000;217,000;165,000;155,000;9,000;546
Illinois Institute o;2;1691;IL;I;603,000;499,000;1102,000;25,000;540,000;670,000;440,000;560,000;22,000;28,000;1756,000;1360,000;478,000;42,000;77,000;1911,000;626,000;14550,000;14550,000;4620,000;;;40,000;500,000;700,000;80,000;88,000;12,300;26,000;12851,000;56,000;680,000;480,000;452,000;512,000;836,000;606,000;558,000;636,000;93,000;81,000;73,000;11,000;287
Illinois State Unive;1;1692;IL;I;;;;22,000;;;;;19,000;25,000;8681,000;6695,000;2408,000;10,000;35,000;15701,000;1823,000;2600,000;7799,000;3403,000;3403,000;;815,000;537,000;2605,000;77,000;84,000;21,000;16,000;5569,000;54,000;548,000;436,000;373,000;460,000;638,000;514,000;445,000;541,000;289,000;187,000;244,000;0,000;720
Loyola University Ch;2;1710;IL;I;529,000;482,000;1011,000;24,000;470,000;590,000;430,000;540,000;21,000;26,000;3579,000;2959,000;868,000;25,000;55,000;5244,000;3417,000;11500,000;11500,000;5330,000;;;350,000;700,000;2000,000;94,000;95,000;6,200;15,000;13009,000;65,000;761,000;536,000;433,000;570,000;924,000;664,000;536,000;701,000;164,000;230,000;163,000;6,000;563
Northern Illinois Un;1;1737;IL;I;;;;22,000;;;;;20,000;25,000;10706,000;7219,000;2397,000;12,000;37,000;14826,000;1979,000;2600,000;7799,000;3296,000;3296,000;;950,000;470,000;1750,000;73,000;78,000;17,300;11,000;6086,000;56,000;578,000;435,000;375,000;440,000;667,000;509,000;443,000;515,000;314,000;266,000;246,000;112,000;944
Northwestern Univers;2;1739;IL;I;670,000;600,000;1270,000;29,000;610,000;720,000;540,000;640,000;27,000;31,000;12289,000;5200,000;1902,000;85,000;98,000;7450,000;45,000;16404,000;16404,000;5520,000;;;;759,000;1585,000;96,000;;6,800;25,000;26385,000;92,000;860,000;596,000;496,000;712,000;1045,000;735,000;602,000;868,000;460,000;209,000;203,000;0,000;872
Southern Illinois Un;1;1758;IL;I;;;;22,000;;;;;18,000;23,000;;;2158,000;;;16961,000;2499,000;2318,000;6953,000;3256,000;1920,000;1336,000;864,000;600,000;2608,000;71,000;;14,900;6,000;9158,000;44,000;564,000;436,000;359,000;422,000;657,000;517,000;431,000;500,000;272,000;255,000;313,000;33,000;977
University of Chicag;2;1774;IL;I;;;;;630,000;720,000;570,000;680,000;27,000;31,000;6348,000;2999,000;922,000;68,000;94,000;3340,000;39,000;18930,000;18930,000;6380,000;3070,000;3310,000;486,000;500,000;1254,000;99,000;99,000;5,300;36,000;36854,000;90,000;894,000;586,000;515,000;742,000;1104,000;724,000;636,000;916,000;467,000;138,000;161,000;36,000;802
University of Illino;1;1775;IL;I;617,000;522,000;1139,000;27,000;550,000;700,000;470,000;580,000;23,000;29,000;14939,000;11652,000;5705,000;52,000;88,000;25422,000;911,000;2760,000;7560,000;4574,000;1780,000;2794,000;920,000;500,000;1982,000;87,000;90,000;17,400;13,000;8559,000;81,000;682,000;493,000;421,000;570,000;783,000;574,000;494,000;659,000;927,000;520,000;393,000;1,000;1868
University of Illino;1;1776;IL;I;;;;21,000;;;;;18,000;23,000;8384,000;5727,000;2710,000;22,000;50,000;13518,000;2916,000;2520,000;7230,000;5088,000;3198,000;1890,000;1108,000;630,000;3228,000;82,000;84,000;10,000;6,000;13883,000;34,000;656,000;476,000;411,000;513,000;755,000;555,000;483,000;596,000;401,000;369,000;296,000;20,000;1135
Ball State Universit;1;1786;IN;I;473,000;422,000;895,000;21,000;400,000;530,000;360,000;470,000;18,000;24,000;9361,000;7910,000;3849,000;38,000;50,000;16148,000;2207,000;2864,000;7244,000;3608,000;3608,000;;;500,000;1500,000;69,000;;17,700;25,000;7449,000;51,000;517,000;410,000;332,000;384,000;666,000;537,000;438,000;501,000;297,000;160,000;350,000;155,000;965
Indiana University a;1;1809;IN;I;530,000;466,000;996,000;24,000;;;;;;;16587,000;13243,000;5873,000;25,000;72,000;24763,000;2717,000;2984,000;9766,000;3990,000;;;389,000;600,000;2000,000;77,000;88,000;21,300;24,000;8686,000;68,000;674,000;479,000;399,000;540,000;852,000;615,000;507,000;685,000;624,000;344,000;305,000;1,000;1361
Purdue University at;1;1825;IN;I;545,000;453,000;998,000;24,000;470,000;620,000;390,000;510,000;22,000;27,000;21804,000;18744,000;5874,000;29,000;60,000;26213,000;4065,000;2884,000;9556,000;3990,000;;;;570,000;1060,000;86,000;86,000;18,200;15,000;8604,000;67,000;721,000;485,000;423,000;562,000;920,000;631,000;548,000;722,000;603,000;411,000;400,000;29,000;1443
University of Notre ;2;1840;IN;I;650,000;570,000;1220,000;;620,000;720,000;540,000;640,000;;;7700,000;3700,000;1906,000;79,000;96,000;7671,000;30,000;16850,000;16850,000;4400,000;4400,000;;147,000;600,000;1350,000;96,000;92,000;13,100;46,000;13936,000;97,000;798,000;562,000;470,000;637,000;985,000;701,000;573,000;787,000;274,000;195,000;164,000;11,000;644
Iowa State Universit;1;1869;IA;I;;;;;530,000;640,000;380,000;460,000;22,000;27,000;8427,000;7424,000;3441,000;26,000;59,000;18676,000;1715,000;2291,000;7550,000;3224,000;3224,000;;162,000;640,000;2055,000;81,000;88,000;19,200;22,000;8420,000;65,000;684,000;506,000;404,000;534,000;842,000;635,000;514,000;666,000;467,000;353,000;284,000;84,000;1188
University of Iowa  ;1;1892;IA;I;;;;;;;;;22,000;27,000;9224,000;8025,000;3262,000;23,000;52,000;15412,000;2878,000;2291,000;8149,000;3423,000;;;164,000;640,000;2426,000;;98,000;13,100;37,000;12194,000;62,000;706,000;509,000;432,000;579,000;872,000;643,000;549,000;723,000;486,000;308,000;260,000;10,000;1064
Kansas State Univers;1;1928;KS;I;;;;;;;;;19,000;26,000;5880,000;4075,000;2833,000;25,000;55,000;14914,000;2246,000;1713,000;6995,000;3120,000;3120,000;;403,000;600,000;2000,000;76,000;86,000;18,500;22,000;6122,000;54,000;550,000;419,000;368,000;440,000;686,000;530,000;466,000;554,000;305,000;231,000;259,000;63,000;858
University of Kansas;1;1948;KS;I;;;;23,000;;;;;20,000;26,000;8579,000;5561,000;3681,000;25,000;50,000;17880,000;1673,000;1650,000;6994,000;3384,000;;;388,000;700,000;2681,000;88,000;94,000;13,700;17,000;9657,000;57,000;579,000;422,000;367,000;485,000;714,000;529,000;458,000;603,000;474,000;297,000;204,000;6,000;981
University of Kentuc;1;1989;KY;I;;;;25,000;;;;;21,000;26,000;7769,000;5689,000;2675,000;;;14931,000;2596,000;2160,000;6640,000;3226,000;;;330,000;450,000;1340,000;95,000;97,000;12,200;12,000;11098,000;52,000;634,000;473,000;418,000;521,000;760,000;574,000;504,000;628,000;470,000;416,000;308,000;6,000;1200
University of Louisv;1;1999;KY;I;;;;21,000;;;;;;;4777,000;3057,000;1823,000;16,000;33,000;9844,000;6198,000;2180,000;6540,000;3600,000;;;210,000;530,000;2440,000;84,000;92,000;11,100;24,000;10207,000;31,000;584,000;442,000;368,000;476,000;715,000;547,000;449,000;584,000;276,000;208,000;169,000;12,000;674
Louisiana State Univ;1;2010;LA;I;529,000;468,000;997,000;23,000;460,000;610,000;400,000;540,000;20,000;26,000;5996,000;4993,000;3079,000;29,000;57,000;16269,000;3757,000;2625,000;5925,000;2980,000;1720,000;1260,000;75,000;600,000;2242,000;83,000;87,000;15,900;11,000;6741,000;37,000;594,000;437,000;379,000;464,000;711,000;527,000;461,000;559,000;561,000;387,000;313,000;178,000;1439
Tulane University   ;2;2029;LA;I;;;;;560,000;670,000;490,000;616,000;;;7033,000;5125,000;1223,000;47,000;75,000;4941,000;1534,000;19040,000;19040,000;5950,000;2690,000;3260,000;510,000;350,000;800,000;98,000;98,000;9,100;21,000;16920,000;74,000;713,000;514,000;418,000;564,000;876,000;646,000;514,000;699,000;172,000;166,000;115,000;3,000;456
University of Southw;1;2031;LA;I;;;;19,000;;;;;16,000;21,000;4299,000;4250,000;2664,000;;;11767,000;3219,000;1898,000;4898,000;2082,000;;;;560,000;;63,000;67,000;22,700;9,000;4099,000;30,000;533,000;409,000;359,000;402,000;633,000;493,000;434,000;483,000;147,000;136,000;167,000;98,000;548
University of Maine ;1;2053;ME;I;525,000;464,000;989,000;;460,000;580,000;410,000;520,000;;;5260,000;4589,000;1741,000;23,000;52,000;7366,000;1795,000;3085,000;7975,000;4385,000;4385,000;;;500,000;;93,000;93,000;14,500;;7379,000;56,000;574,000;436,000;366,000;449,000;716,000;552,000;463,000;566,000;122,000;197,000;102,000;19,000;452
Johns Hopkins Univer;2;2077;MD;I;686,000;606,000;1292,000;30,000;660,000;740,000;560,000;660,000;;;8474,000;3446,000;911,000;75,000;94,000;3566,000;1569,000;18800,000;18800,000;6740,000;3815,000;2925,000;;500,000;1040,000;96,000;97,000;3,300;38,000;56233,000;90,000;798,000;542,000;435,000;593,000;972,000;677,000;551,000;734,000;330,000;110,000;160,000;52,000;767
University of Maryla;1;2103;MD;I;584,000;501,000;1085,000;;530,000;640,000;440,000;550,000;;;14292,000;10315,000;3409,000;22,000;53,000;19340,000;3991,000;2919,000;8723,000;5146,000;2899,000;2247,000;561,000;550,000;1550,000;89,000;92,000;18,100;12,000;9021,000;63,000;703,000;487,000;406,000;539,000;865,000;608,000;505,000;669,000;535,000;388,000;163,000;133,000;1285
University of Maryla;1;2105;MD;I;578,000;505,000;1083,000;23,000;510,000;640,000;440,000;560,000;;;4269,000;2594,000;985,000;27,000;57,000;6476,000;2592,000;3338,000;8594,000;4408,000;1930,000;2478,000;;494,000;2768,000;82,000;88,000;18,400;6,000;7618,000;55,000;638,000;455,000;395,000;464,000;783,000;571,000;491,000;577,000;87,000;119,000;104,000;32,000;353
Boston College      ;2;2128;MA;I;;;;;600,000;690,000;520,000;610,000;;;13112,000;6179,000;2154,000;66,000;94,000;8807,000;;16640,000;16640,000;6960,000;3130,000;3830,000;448,000;500,000;1300,000;95,000;95,000;16,600;27,000;10989,000;90,000;784,000;569,000;496,000;614,000;964,000;717,000;604,000;761,000;165,000;245,000;126,000;10,000;556
Brandeis University ;2;2133;MA;I;;;;;570,000;690,000;530,000;640,000;;;4186,000;2743,000;740,000;48,000;77,000;2819,000;62,000;19380,000;19380,000;6750,000;3500,000;3250,000;450,000;410,000;1000,000;90,000;97,000;9,800;24,000;17150,000;84,000;687,000;493,000;403,000;550,000;859,000;619,000;496,000;686,000;142,000;71,000;40,000;3,000;299
Harvard University  ;2;2155;MA;I;;;;;680,000;770,000;630,000;720,000;;;13865,000;2165,000;1606,000;90,000;;6862,000;320,000;18485,000;18485,000;6410,000;3370,000;3040,000;1335,000;500,000;1920,000;97,000;97,000;9,900;52,000;37219,000;;1009,000;559,000;500,000;793,000;1236,000;723,000;653,000;989,000;654,000;149,000;255,000;8,000;1172
University of Massac;1;2161;MA;I;504,000;447,000;951,000;;440,000;550,000;400,000;490,000;;;3986,000;3026,000;1093,000;8,000;29,000;5740,000;4182,000;4694,000;9838,000;4164,000;1774,000;2390,000;;500,000;1160,000;81,000;84,000;16,100;;7607,000;53,000;664,000;539,000;464,000;587,000;805,000;662,000;577,000;717,000;223,000;191,000;52,000;10,000;476
Massachusetts Instit;2;2178;MA;I;742,000;639,000;1381,000;31,000;720,000;780,000;570,000;690,000;29,000;33,000;6411,000;2140,000;1078,000;96,000;99,000;4481,000;28,000;20100,000;20100,000;5975,000;3200,000;2775,000;600,000;725,000;1600,000;99,000;99,000;10,100;35,000;33541,000;94,000;903,000;637,000;528,000;757,000;1124,000;806,000;678,000;951,000;583,000;177,000;164,000;36,000;989
Northeastern Univers;2;2199;MA;I;531,000;467,000;998,000;23,000;460,000;600,000;410,000;520,000;20,000;26,000;11901,000;8492,000;2517,000;16,000;42,000;11160,000;10221,000;13380,000;13380,000;7425,000;3990,000;3435,000;186,000;600,000;1750,000;73,000;82,000;12,900;17,000;9563,000;46,000;688,000;525,000;460,000;543,000;880,000;689,000;599,000;705,000;236,000;260,000;176,000;0,000;730
Tufts University    ;2;2219;MA;I;;;;;610,000;700,000;540,000;630,000;;;7614,000;3605,000;1205,000;60,000;90,000;4598,000;;19701,000;19701,000;5968,000;3038,000;2930,000;503,000;600,000;928,000;99,000;;10,300;22,000;18981,000;92,000;735,000;549,000;447,000;592,000;964,000;710,000;607,000;777,000;148,000;157,000;98,000;2,000;405
University of Massac;1;2221;MA;I;;;;;460,000;590,000;410,000;520,000;;;14438,000;12414,000;3816,000;12,000;39,000;16282,000;1940,000;2220,000;8566,000;3897,000;1712,000;2185,000;3247,000;500,000;1400,000;88,000;92,000;16,700;15,000;10276,000;68,000;704,000;537,000;438,000;607,000;880,000;680,000;557,000;762,000;650,000;306,000;146,000;7,000;1172
Michigan State Unive;1;2290;MI;I;524,000;461,000;982,000;23,000;450,000;590,000;400,000;520,000;21,000;25,000;18114,000;15096,000;6180,000;23,000;57,000;26640,000;4120,000;4103,000;10658,000;3734,000;1646,000;2088,000;524,000;504,000;600,000;93,000;95,000;14,000;9,000;10520,000;71,000;651,000;493,000;413,000;555,000;843,000;663,000;569,000;732,000;949,000;494,000;350,000;47,000;1840
Wayne State Universi;1;2329;MI;I;;;;21,000;;;;;17,000;24,000;4219,000;3098,000;1543,000;;44,000;9778,000;10455,000;3271,000;7162,000;3271,000;;3271,000;;468,000;;85,000;88,000;10,900;;10538,000;41,000;683,000;525,000;447,000;535,000;846,000;664,000;560,000;669,000;317,000;267,000;216,000;8,000;925
Western Michigan Uni;1;2330;MI;I;;;;23,000;;;;;20,000;25,000;9167,000;7191,000;2738,000;24,000;53,000;15739,000;4278,000;2785,000;6940,000;4100,000;1675,000;2425,000;455,000;500,000;1700,000;80,000;84,000;24,700;11,000;5983,000;55,000;603,000;489,000;396,000;502,000;755,000;620,000;505,000;633,000;285,000;233,000;189,000;24,000;731
Mississippi State Un;1;2423;MS;I;;;;23,000;;;;;19,000;27,000;4255,000;3277,000;1609,000;18,000;57,000;10094,000;1621,000;4946,000;9866,000;3084,000;1684,000;1400,000;477,000;480,000;1479,000;77,000;77,000;15,900;20,000;6223,000;53,000;540,000;432,000;389,000;455,000;649,000;521,000;471,000;548,000;278,000;191,000;155,000;40,000;669
University of Missis;1;2440;MS;I;;;;;;;;;20,000;25,000;3844,000;3383,000;1669,000;26,000;47,000;7524,000;804,000;1996,000;4916,000;3810,000;1560,000;2250,000;548,000;600,000;550,000;81,000;86,000;20,300;14,000;6971,000;53,000;558,000;428,000;384,000;440,000;676,000;524,000;471,000;537,000;138,000;111,000;158,000;29,000;439
University of Southe;1;2441;MS;I;531,000;449,000;980,000;22,000;;;;;18,000;24,000;2850,000;2044,000;1046,000;20,000;50,000;9260,000;1387,000;2392,000;4652,000;2470,000;1120,000;1350,000;;500,000;500,000;78,000;99,000;18,700;23,000;5917,000;45,000;562,000;438,000;352,000;438,000;664,000;520,000;420,000;520,000;183,000;162,000;160,000;58,000;563
Saint Louis Universi;2;2506;MO;I;;;;;480,000;620,000;420,000;550,000;21,000;27,000;3294,000;2855,000;956,000;44,000;67,000;4576,000;1140,000;11690,000;11690,000;4730,000;2300,000;2430,000;80,000;800,000;6800,000;84,000;94,000;4,600;19,000;18367,000;67,000;657,000;475,000;402,000;500,000;783,000;575,000;484,000;600,000;133,000;111,000;120,000;31,000;395
University of Missou;1;2516;MO;I;564,000;502,000;1066,000;25,000;470,000;620,000;430,000;570,000;22,000;28,000;6574,000;4637,000;2940,000;32,000;62,000;14782,000;1583,000;3030,000;9057,000;3485,000;3485,000;;414,000;600,000;1983,000;87,000;87,000;12,700;15,000;10145,000;58,000;603,000;456,000;407,000;485,000;729,000;560,000;499,000;592,000;336,000;256,000;244,000;63,000;899
University of Missou;1;2517;MO;I;655,000;547,000;1202,000;27,000;590,000;710,000;480,000;600,000;25,000;31,000;1877,000;1826,000;823,000;49,000;77,000;3926,000;561,000;3030,000;9057,000;3600,000;;;551,000;700,000;1435,000;88,000;88,000;14,400;23,000;9699,000;49,000;663,000;508,000;454,000;564,000;802,000;626,000;557,000;686,000;114,000;79,000;56,000;4,000;253
University of Missou;1;2518;MO;I;;;;24,000;;;;;22,000;27,000;1901,000;1340,000;655,000;33,000;64,000;3416,000;1984,000;3475,000;9501,000;3685,000;1980,000;1705,000;;;;98,000;98,000;11,600;8,000;12453,000;44,000;580,000;445,000;381,000;473,000;702,000;545,000;467,000;577,000;151,000;167,000;107,000;9,000;434
University of Missou;1;2519;MO;I;;;;;;;;;20,000;25,000;1618,000;1141,000;479,000;18,000;54,000;4793,000;4552,000;2424,000;7246,000;3964,000;;;348,000;500,000;4288,000;71,000;73,000;13,400;15,000;6433,000;48,000;576,000;460,000;412,000;476,000;699,000;561,000;503,000;579,000;86,000;103,000;110,000;5,000;304
Washington Universit;2;2520;MO;I;;;;;600,000;710,000;510,000;620,000;26,000;31,000;7654,000;5259,000;1254,000;62,000;93,000;4879,000;1274,000;18350,000;18350,000;5775,000;3431,000;2344,000;184,000;768,000;1512,000;91,000;98,000;3,900;31,000;45702,000;90,000;782,000;534,000;451,000;601,000;952,000;652,000;540,000;730,000;264,000;136,000;175,000;18,000;620
Montana State Univer;1;2532;MT;I;520,000;440,000;960,000;23,000;450,000;600,000;390,000;510,000;20,000;25,000;3500,000;2836,000;1779,000;15,000;42,000;8730,000;993,000;1576,000;5552,000;3710,000;3710,000;;648,000;550,000;2300,000;75,000;83,000;17,600;8,000;6324,000;37,000;497,000;397,000;346,000;407,000;602,000;487,000;427,000;498,000;154,000;146,000;144,000;24,000;468
University of Montan;1;2536;MT;I;489,000;457,000;946,000;22,000;;;;;;;3314,000;2809,000;1563,000;;;7754,000;1388,000;2251,000;6311,000;3957,000;;;;550,000;;75,000;81,000;21,700;16,000;5862,000;30,000;446,000;365,000;323,000;392,000;537,000;442,000;395,000;474,000;200,000;79,000;95,000;16,000;390
University of Nebras;1;2565;NE;I;513,000;447,000;960,000;22,000;;;;;;;6277,000;6003,000;3526,000;33,000;63,000;16454,000;3171,000;2055,000;5595,000;3145,000;1375,000;1770,000;360,000;500,000;2070,000;86,000;92,000;15,100;48,000;6813,000;53,000;661,000;477,000;410,000;523,000;792,000;584,000;505,000;635,000;436,000;344,000;316,000;31,000;1127
University of Nevada;1;2568;NV;I;488,000;432,000;920,000;22,000;420,000;500,000;370,000;480,000;23,000;25,000;2868,000;2409,000;1524,000;;;5916,000;2939,000;1740,000;6490,000;4560,000;2635,000;1925,000;20,000;600,000;2900,000;78,000;80,000;15,400;12,000;10407,000;54,000;647,000;480,000;390,000;508,000;741,000;558,000;458,000;589,000;145,000;133,000;95,000;5,000;403
Dartmouth College   ;2;2573;NH;I;692,000;627,000;1319,000;;660,000;740,000;580,000;680,000;;;8587,000;2273,000;1087,000;87,000;99,000;3918,000;32,000;19545,000;19545,000;6070,000;3255,000;2815,000;105,000;550,000;1100,000;95,000;99,000;4,700;49,000;29619,000;98,000;785,000;536,000;429,000;610,000;1002,000;686,000;532,000;774,000;163,000;89,000;114,000;5,000;371
University of New Ha;1;2589;NH;I;536,000;476,000;1012,000;;480,000;600,000;430,000;530,000;;;9750,000;7640,000;2529,000;24,000;62,000;10358,000;1338,000;3550,000;11180,000;3862,000;1648,000;2214,000;830,000;650,000;2450,000;89,000;87,000;17,500;16,000;7855,000;75,000;587,000;454,000;375,000;482,000;729,000;575,000;483,000;607,000;196,000;253,000;127,000;0,000;576
Princeton University;2;2627;NJ;I;708,000;647,000;1355,000;;645,000;737,000;583,000;678,000;;;13218,000;2042,000;1153,000;90,000;98,000;4540,000;146,000;19900,000;19900,000;5910,000;2696,000;3214,000;400,000;675,000;1575,000;91,000;96,000;8,400;54,000;28320,000;99,000;963,000;564,000;437,000;749,000;1154,000;686,000;534,000;901,000;402,000;66,000;179,000;16,000;702
New Mexico Institute;1;2654;NM;I;;;;26,000;;;;;;;787,000;601,000;233,000;40,000;73,000;1017,000;411,000;1302,000;5376,000;3214,000;3214,000;;556,000;600,000;1100,000;99,000;;13,700;11,000;9241,000;34,000;538,000;421,000;405,000;448,000;648,000;512,000;494,000;544,000;39,000;32,000;29,000;5,000;108
New Mexico State Uni;1;2657;NM;I;;;;22,000;;;;;19,000;25,000;4119,000;3200,000;1663,000;;;9673,000;3481,000;1980,000;6432,000;3148,000;1588,000;1580,000;;550,000;1066,000;76,000;;19,600;;6106,000;40,000;524,000;433,000;360,000;434,000;641,000;531,000;444,000;533,000;202,000;167,000;196,000;17,000;582
Clarkson University ;2;2699;NY;I;612,000;518,000;1130,000;;570,000;660,000;450,000;580,000;;;2174,000;1953,000;557,000;35,000;68,000;2332,000;53,000;15960,000;15960,000;5580,000;2622,000;2958,000;323,000;700,000;1300,000;95,000;95,000;15,800;32,000;11659,000;77,000;703,000;515,000;475,000;563,000;875,000;658,000;593,000;707,000;55,000;58,000;43,000;5,000;161
Columbia University ;2;2707;NY;I;680,000;620,000;1300,000;;630,000;720,000;590,000;680,000;;;6756,000;1930,000;871,000;78,000;96,000;3376,000;55,000;18624,000;18624,000;6664,000;3740,000;2924,000;486,000;550,000;300,000;97,000;98,000;5,900;21,000;30639,000;99,000;882,000;554,000;452,000;687,000;1136,000;767,000;646,000;915,000;477,000;185,000;199,000;11,000;923
Cornell University  ;2;2711;NY;I;;;;;640,000;740,000;540,000;640,000;;;19227,000;7171,000;3286,000;81,000;95,000;13072,000;;19000,000;19000,000;6238,000;3658,000;2580,000;66,000;510,000;1060,000;91,000;91,000;6,900;22,000;22480,000;93,000;651,000;511,000;431,000;549,000;847,000;691,000;598,000;732,000;318,000;231,000;105,000;41,000;707
Fordham University  ;2;2722;NY;I;535,000;506,000;1041,000;;490,000;610,000;460,000;580,000;;;4200,000;2874,000;942,000;30,000;55,000;4740,000;1646,000;14235,000;14235,000;6965,000;6965,000;;170,000;600,000;1735,000;86,000;97,000;14,400;14,000;10864,000;80,000;744,000;573,000;444,000;590,000;945,000;729,000;557,000;748,000;166,000;183,000;140,000;9,000;498
Hofstra University  ;2;2732;NY;I;540,000;470,000;1010,000;24,000;480,000;590,000;430,000;560,000;23,000;27,000;7428,000;5860,000;1349,000;25,000;63,000;6534,000;1350,000;11600,000;11600,000;5920,000;3620,000;2300,000;650,000;1000,000;1000,000;81,000;90,000;13,900;10,000;10093,000;60,000;757,000;550,000;470,000;584,000;956,000;692,000;579,000;731,000;127,000;131,000;141,000;7,000;406
New York University ;2;2785;NY;I;604,000;542,000;1146,000;;550,000;650,000;490,000;600,000;;;13594,000;7244,000;2505,000;70,000;86,000;12408,000;2814,000;17748,000;17748,000;7262,000;;;991,000;450,000;1000,000;87,000;98,000;7,800;16,000;21227,000;71,000;887,000;591,000;507,000;683,000;1172,000;785,000;674,000;905,000;532,000;337,000;252,000;42,000;1231
Rensselaer Polytechn;2;2803;NY;I;;;;28,000;610,000;710,000;470,000;590,000;26,000;30,000;4996,000;4165,000;936,000;53,000;82,000;4291,000;16,000;17475,000;17475,000;5976,000;;;550,000;1230,000;1100,000;94,000;98,000;15,400;21,000;15605,000;70,000;750,000;548,000;475,000;640,000;922,000;703,000;601,000;799,000;190,000;118,000;61,000;0,000;369
SUNY at Albany      ;1;2835;NY;I;580,000;506,000;1086,000;;520,000;620,000;450,000;550,000;;;13528,000;9198,000;1843,000;16,000;61,000;10168,000;1231,000;2650,000;6550,000;4355,000;2950,000;1405,000;295,000;700,000;1560,000;93,000;96,000;17,400;16,000;9075,000;74,000;732,000;526,000;407,000;576,000;934,000;679,000;524,000;739,000;260,000;217,000;125,000;0,000;638
SUNY at Binghamton  ;1;2836;NY;I;615,000;533,000;1148,000;26,000;570,000;670,000;480,000;580,000;;;14463,000;6166,000;1757,000;60,000;94,000;8544,000;671,000;2650,000;6550,000;4598,000;2690,000;1908,000;360,000;700,000;1000,000;83,000;;18,000;15,000;8055,000;80,000;705,000;511,000;407,000;555,000;902,000;665,000;528,000;716,000;172,000;175,000;82,000;0,000;460
SUNY at Stony Brook ;1;2838;NY;I;542,000;464,000;1006,000;;480,000;595,000;410,000;510,000;;;12512,000;6969,000;1724,000;27,000;66,000;9744,000;1351,000;2650,000;6550,000;4712,000;4712,000;;295,000;600,000;1200,000;91,000;96,000;10,500;7,000;13705,000;57,000;755,000;534,000;414,000;589,000;961,000;688,000;526,000;751,000;346,000;216,000;183,000;24,000;801
Syracuse University ;2;2882;NY;I;;;;;520,000;640,000;450,000;560,000;;;10477,000;7260,000;2442,000;28,000;67,000;10142,000;117,000;15150,000;15150,000;6870,000;3620,000;3250,000;360,000;635,000;960,000;73,000;84,000;11,300;13,000;14231,000;67,000;648,000;475,000;394,000;526,000;851,000;645,000;528,000;701,000;371,000;301,000;205,000;10,000;891
University of Roches;2;2894;NY;I;;;;;550,000;670,000;470,000;590,000;23,000;29,000;8766,000;5498,000;1243,000;56,000;75,000;5071,000;438,000;17840,000;17840,000;6582,000;3978,000;2604,000;410,000;500,000;882,000;93,000;99,000;5,900;23,000;26037,000;80,000;747,000;520,000;434,000;611,000;895,000;626,000;520,000;733,000;252,000;130,000;110,000;7,000;508
Duke University     ;2;2920;NC;I;687,000;615,000;1302,000;30,000;640,000;740,000;570,000;670,000;28,000;32,000;13789,000;3893,000;1583,000;90,000;98,000;6188,000;53,000;18590,000;18590,000;5950,000;2996,000;2954,000;480,000;625,000;1162,000;95,000;96,000;5,000;44,000;27206,000;97,000;854,000;584,000;459,000;699,000;1055,000;728,000;553,000;862,000;330,000;149,000;141,000;0,000;620
North Carolina State;1;2972;NC;I;578,000;493,000;1071,000;;510,000;630,000;440,000;530,000;;;10634,000;7064,000;3176,000;39,000;78,000;16505,000;5481,000;874,000;8400,000;6540,000;1640,000;1900,000;710,000;600,000;1300,000;92,000;98,000;17,500;21,000;9670,000;62,000;665,000;475,000;417,000;505,000;797,000;578,000;508,000;610,000;463,000;345,000;200,000;12,000;1235
University of North ;1;2974;NC;I;594,000;527,000;1121,000;;530,000;530,000;460,000;570,000;;;14596,000;5985,000;3331,000;75,000;92,000;14609,000;1100,000;874,000;8400,000;4200,000;2040,000;2160,000;606,000;550,000;1200,000;88,000;93,000;8,900;23,000;15893,000;83,000;701,000;512,000;410,000;565,000;837,000;620,000;498,000;678,000;572,000;329,000;212,000;18,000;1268
University of North ;1;2976;NC;I;499,000;457,000;956,000;;450,000;550,000;400,000;500,000;;;5191,000;4134,000;1500,000;15,000;44,000;7532,000;1847,000;931,000;8677,000;3505,000;1715,000;1790,000;958,000;600,000;1300,000;75,000;94,000;15,500;17,000;7392,000;53,000;610,000;443,000;377,000;435,000;735,000;540,000;461,000;529,000;140,000;178,000;135,000;8,000;572
University of North ;1;3005;ND;I;535,000;465,000;1000,000;23,000;460,000;610,000;390,000;520,000;19,000;25,000;2777,000;2249,000;1652,000;20,000;54,000;8334,000;1435,000;2110,000;5634,000;2703,000;1033,000;1670,000;318,000;450,000;1200,000;97,000;97,000;15,900;16,000;9424,000;49,000;460,000;391,000;345,000;379,000;572,000;489,000;431,000;473,000;130,000;124,000;163,000;27,000;472
Bowling Green State ;1;3018;OH;I;497,000;449,000;946,000;22,000;430,000;550,000;390,000;500,000;20,000;24,000;9251,000;7333,000;3076,000;14,000;45,000;13699,000;1213,000;3070,000;7452,000;3352,000;1968,000;1384,000;660,000;600,000;1700,000;81,000;89,000;21,100;14,000;6918,000;67,000;620,000;481,000;394,000;483,000;817,000;644,000;530,000;643,000;226,000;212,000;180,000;65,000;690
Case Western Reserve;2;3024;OH;I;;;;;600,000;740,000;490,000;640,000;26,000;32,000;3877,000;3156,000;713,000;71,000;93,000;3051,000;513,000;15700,000;15700,000;4730,000;2960,000;1770,000;125,000;525,000;1460,000;95,000;95,000;2,900;29,000;19733,000;67,000;754,000;518,000;470,000;585,000;948,000;663,000;600,000;744,000;213,000;133,000;126,000;58,000;530
Kent State Universit;1;3051;OH;I;462,000;424,000;886,000;21,000;390,000;520,000;360,000;480,000;18,000;23,000;9210,000;3040,000;7425,000;10,000;30,000;15615,000;3230,000;3927,000;7854,000;3666,000;;;;500,000;1350,000;81,000;86,000;20,800;;6397,000;46,000;654,000;473,000;389,000;502,000;810,000;602,000;505,000;636,000;221,000;244,000;203,000;14,000;682
Ohio University     ;1;3100;OH;I;520,000;473,000;993,000;24,000;460,000;580,000;420,000;530,000;21,000;26,000;11023,000;8298,000;3183,000;21,000;54,000;14861,000;1310,000;3552,000;7629,000;4095,000;2013,000;2082,000;357,000;550,000;2300,000;79,000;87,000;20,400;13,000;8811,000;64,000;632,000;486,000;393,000;512,000;786,000;618,000;512,000;648,000;248,000;241,000;192,000;4,000;687
University of Akron ;1;3123;OH;I;467,000;413,000;880,000;20,000;399,000;599,000;349,000;475,000;17,000;23,000;6305,000;5190,000;3211,000;;;12487,000;9295,000;2888,000;7650,000;3844,000;2454,000;1390,000;304,000;550,000;2100,000;71,000;80,000;16,700;18,000;6025,000;43,000;577,000;448,000;387,000;479,000;718,000;567,000;497,000;603,000;278,000;253,000;147,000;39,000;717
University of Cincin;1;3125;OH;I;533,000;464,000;997,000;23,000;460,000;610,000;400,000;520,000;20,000;26,000;6855,000;5553,000;2408,000;26,000;57,000;11036,000;2011,000;3234,000;8907,000;4697,000;2703,000;1994,000;498,000;556,000;1851,000;89,000;95,000;10,800;6,000;13889,000;54,000;666,000;483,000;393,000;535,000;856,000;622,000;506,000;688,000;447,000;410,000;244,000;12,000;1113
University of Toledo;1;3131;OH;I;504,000;447,000;951,000;20,000;430,000;640,000;390,000;560,000;19,000;25,000;3055,000;2959,000;1527,000;;;15428,000;5370,000;2693,000;7441,000;3719,000;2564,000;1155,000;706,000;550,000;500,000;81,000;83,000;20,400;5,000;6124,000;48,000;608,000;457,000;379,000;486,000;750,000;572,000;481,000;607,000;217,000;152,000;167,000;20,000;556
Oklahoma State Unive;1;3170;OK;I;540,000;477,000;1017,000;24,000;470,000;610,000;420,000;540,000;21,000;26,000;4522,000;3913,000;2181,000;29,000;57,000;12830,000;1658,000;1889,000;5336,000;3344,000;1758,000;1588,000;40,000;800,000;3100,000;84,000;92,000;15,300;14,000;6433,000;48,000;532,000;409,000;373,000;449,000;655,000;509,000;460,000;555,000;342,000;247,000;181,000;11,000;794
University of Oklaho;1;3184;OK;I;;;;24,000;;;;;21,000;27,000;4743,000;3970,000;2233,000;32,000;63,000;13436,000;2582,000;1737,000;5173,000;3526,000;;;166,000;765,000;3176,000;86,000;90,000;11,500;11,000;10244,000;44,000;600,000;445,000;368,000;470,000;752,000;563,000;468,000;593,000;286,000;225,000;236,000;24,000;778
Oregon State Univers;1;3210;OR;I;522,000;443,000;965,000;22,000;445,000;585,000;382,000;502,000;18,000;26,000;4675,000;3948,000;1637,000;;;10332,000;929,000;2841,000;7890,000;3444,000;1388,000;2056,000;50,000;543,000;2244,000;88,000;88,000;13,900;;9383,000;45,000;597,000;473,000;400,000;475,000;762,000;615,000;522,000;615,000;206,000;209,000;133,000;46,000;622
Portland State Unive;1;3216;OR;I;484,000;416,000;900,000;22,000;410,000;550,000;350,000;480,000;19,000;23,000;1623,000;1574,000;837,000;;;6194,000;4992,000;;;4365,000;2565,000;1800,000;;750,000;1098,000;78,000;78,000;20,000;18,000;6618,000;24,000;544,000;437,000;382,000;474,000;693,000;564,000;498,000;609,000;205,000;113,000;77,000;16,000;411
University of Oregon;1;3223;OR;I;;;;;470,000;600,000;430,000;540,000;;;8631,000;6732,000;2546,000;25,000;61,000;11669,000;1605,000;3090,000;10602,000;3660,000;;;;570,000;1530,000;79,000;87,000;19,700;13,000;8020,000;54,000;597,000;446,000;375,000;459,000;762,000;579,000;488,000;594,000;240,000;182,000;152,000;89,000;671
Carnegie Mellon Univ;2;3242;PA;I;679,000;555,000;1234,000;28,000;630,000;740,000;500,000;620,000;26,000;31,000;8728,000;5201,000;1191,000;60,000;89,000;4265,000;291,000;17900,000;17900,000;5690,000;3520,000;2170,000;;450,000;1250,000;86,000;93,000;9,200;31,000;24386,000;74,000;829,000;566,000;499,000;678,000;994,000;691,000;617,000;820,000;256,000;138,000;125,000;4,000;523
Drexel University   ;2;3256;PA;I;550,000;465,000;1015,000;;480,000;610,000;410,000;520,000;;;3451,000;2934,000;1118,000;23,000;50,000;5306,000;1963,000;12348,000;12348,000;6180,000;3630,000;2550,000;728,000;500,000;2280,000;;84,000;13,100;18,000;9583,000;61,000;674,000;496,000;459,000;568,000;843,000;619,000;570,000;709,000;153,000;114,000;73,000;0,000;341
Lehigh University   ;2;3289;PA;I;;;;;570,000;680,000;460,000;570,000;;;6397,000;4304,000;1092,000;40,000;84,000;4298,000;132,000;18700,000;18700,000;5580,000;3160,000;2420,000;250,000;750,000;1130,000;96,000;99,000;12,500;43,000;14665,000;91,000;757,000;543,000;448,000;635,000;955,000;700,000;568,000;805,000;216,000;118,000;77,000;4,000;416
Temple University   ;1;3371;PA;I;508,000;455,000;963,000;;456,000;564,000;412,000;511,000;;;7987,000;5145,000;2399,000;15,000;37,000;14726,000;4666,000;5314,000;10096,000;5282,000;3492,000;1790,000;150,000;600,000;3324,000;87,000;;11,200;;12231,000;45,000;736,000;579,000;454,000;606,000;913,000;724,000;568,000;755,000;490,000;332,000;291,000;37,000;1150
University of Pennsy;2;3378;PA;I;680,000;594,000;1274,000;29,000;640,000;730,000;550,000;650,000;27,000;31,000;12394,000;5232,000;2464,000;85,000;;9205,000;531,000;17020,000;17020,000;7270,000;3700,000;3570,000;1836,000;500,000;1544,000;95,000;96,000;6,300;38,000;25765,000;93,000;881,000;622,000;532,000;744,000;1086,000;831,000;712,000;945,000;541,000;240,000;212,000;0,000;993
University of Pittsb;1;3379;PA;I;537,000;480,000;1017,000;;480,000;590,000;420,000;530,000;;;8586,000;6383,000;2503,000;25,000;59,000;13138,000;4289,000;4962,000;10786,000;4560,000;2760,000;1800,000;454,000;400,000;900,000;93,000;93,000;7,800;10,000;13789,000;66,000;736,000;516,000;421,000;547,000;910,000;653,000;537,000;688,000;427,000;402,000;373,000;63,000;1325
Brown University    ;2;3401;RI;I;680,000;620,000;1300,000;28,000;640,000;730,000;570,000;680,000;26,000;32,000;12586,000;3239,000;1462,000;87,000;95,000;5643,000;349,000;19528,000;19528,000;5926,000;3574,000;2352,000;650,000;720,000;1100,000;99,000;;7,600;39,000;20440,000;97,000;752,000;515,000;433,000;625,000;956,000;659,000;554,000;797,000;286,000;;111,000;0,000;514
University of Rhode ;1;3414;RI;I;515,000;449,000;964,000;;460,000;560,000;400,000;490,000;;;9643,000;7751,000;1968,000;12,000;40,000;8894,000;2456,000;3004,000;10330,000;5558,000;3168,000;2390,000;1238,000;500,000;1250,000;84,000;89,000;16,600;7,000;9158,000;63,000;630,000;473,000;416,000;541,000;813,000;622,000;548,000;703,000;334,000;187,000;135,000;3,000;659
Clemson University  ;1;3425;SC;I;565,000;487,000;1052,000;;530,000;620,000;430,000;510,000;;;8065,000;5257,000;2301,000;37,000;65,000;11755,000;770,000;3036,000;8116,000;3610,000;1890,000;1720,000;;800,000;1618,000;82,000;88,000;18,000;17,000;7597,000;73,000;602,000;441,000;375,000;466,000;728,000;544,000;465,000;571,000;296,000;224,000;191,000;42,000;801
University of South ;1;3448;SC;I;520,000;465,000;985,000;22,000;460,000;580,000;400,000;520,000;19,000;25,000;7693,000;5815,000;2328,000;30,000;66,000;12594,000;3661,000;3196,000;8074,000;3522,000;3522,000;;;495,000;2941,000;84,000;88,000;16,900;18,000;8246,000;63,000;585,000;436,000;385,000;475,000;705,000;532,000;472,000;577,000;417,000;335,000;194,000;60,000;1034
University of Memphi;1;3509;TN;I;;;;22,000;;;;;20,000;26,000;3921,000;2557,000;1691,000;;;10621,000;4864,000;1974,000;5908,000;2500,000;1633,000;;68,000;500,000;900,000;77,000;80,000;16,900;11,000;6578,000;33,000;558,000;425,000;376,000;443,000;674,000;522,000;464,000;542,000;264,000;194,000;193,000;71,000;722
University of Tennes;1;3530;TN;I;525,000;468,000;993,000;23,000;460,000;590,000;410,000;530,000;21,000;26,000;7473,000;5372,000;3013,000;27,000;53,000;15749,000;3237,000;1830,000;5764,000;3262,000;1584,000;1678,000;222,000;750,000;3300,000;86,000;92,000;16,500;22,000;8612,000;53,000;600,000;454,000;402,000;501,000;756,000;570,000;500,000;630,000;535,000;325,000;202,000;65,000;1139
Vanderbilt Universit;2;3535;TN;I;640,000;559,000;1199,000;28,000;590,000;690,000;510,000;610,000;26,000;30,000;7791,000;4690,000;1499,000;71,000;92,000;5500,000;90,000;17865,000;17865,000;6525,000;4132,000;2393,000;964,000;630,000;952,000;93,000;98,000;5,800;26,000;23850,000;83,000;807,000;522,000;432,000;612,000;988,000;651,000;538,000;756,000;289,000;160,000;177,000;9,000;657
University of North ;1;3594;TX;I;526,000;467,000;993,000;23,000;460,000;590,000;420,000;520,000;20,000;24,000;4418,000;2737,000;2049,000;23,000;51,000;14047,000;5134,000;672,000;4104,000;3579,000;1840,000;1739,000;650,000;450,000;1700,000;86,000;94,000;22,600;6,000;5657,000;35,000;551,000;443,000;382,000;448,000;674,000;550,000;479,000;555,000;249,000;203,000;234,000;5,000;751
Rice University     ;2;3604;TX;I;;;;;665,000;763,000;592,000;708,000;;;7935,000;1514,000;633,000;87,000;95,000;2674,000;;9950,000;9950,000;5725,000;3100,000;2625,000;365,000;525,000;1330,000;91,000;;8,600;39,000;22836,000;91,000;809,000;548,000;481,000;663,000;992,000;682,000;593,000;816,000;224,000;89,000;91,000;8,000;422
Southern Methodist U;2;3613;TX;I;;;;;;;;;22,000;27,000;4301,000;3455,000;1166,000;41,000;69,000;4892,000;387,000;12772,000;12772,000;5078,000;2652,000;2426,000;;576,000;1802,000;74,000;88,000;13,500;17,000;12726,000;72,000;733,000;505,000;463,000;550,000;918,000;636,000;570,000;687,000;158,000;154,000;135,000;5,000;483
Texas Christian Univ;2;3636;TX;I;;;;;460,000;600,000;420,000;540,000;21,000;27,000;4095,000;3079,000;1195,000;33,000;64,000;5064,000;660,000;8490,000;8490,000;3320,000;1920,000;1400,000;990,000;650,000;2400,000;81,000;93,000;14,800;23,000;9158,000;64,000;654,000;477,000;423,000;511,000;811,000;599,000;518,000;632,000;107,000;109,000;99,000;9,000;336
Texas Southern Unive;1;3642;TX;I;390,000;420,000;810,000;19,000;;;;;;;4345,000;3245,000;2604,000;15,000;85,000;5584,000;3101,000;780,000;7860,000;3360,000;1680,000;1680,000;;600,000;1700,000;65,000;75,000;18,200;21,000;3605,000;10,000;551,000;455,000;366,000;423,000;684,000;573,000;469,000;535,000;83,000;82,000;104,000;50,000;331
Texas Tech Universit;1;3644;TX;I;526,000;456,000;982,000;23,000;460,000;590,000;400,000;510,000;20,000;25,000;6334,000;5051,000;2957,000;25,000;58,000;16785,000;2780,000;780,000;4860,000;3688,000;3688,000;;838,000;530,000;;82,000;92,000;24,700;24,000;5449,000;41,000;610,000;429,000;363,000;468,000;762,000;550,000;472,000;595,000;270,000;216,000;220,000;14,000;742
Texas Woman's Univer;1;3646;TX;I;;;;;350,000;480,000;320,000;440,000;16,000;21,000;989,000;777,000;474,000;;;3791,000;1961,000;647,000;2279,000;2942,000;1502,000;1440,000;140,000;700,000;1200,000;67,000;70,000;14,300;6,000;6637,000;35,000;499,000;401,000;342,000;396,000;623,000;507,000;438,000;501,000;93,000;107,000;101,000;40,000;353
University of Housto;1;3652;TX;I;537,000;447,000;984,000;22,000;;;;;;;6233,000;3990,000;2150,000;32,000;65,000;15340,000;9355,000;672,000;4104,000;3980,000;;;690,000;600,000;;;;14,600;13,000;6895,000;32,000;681,000;462,000;398,000;520,000;836,000;585,000;510,000;651,000;341,000;288,000;238,000;24,000;903
University of Texas ;1;3656;TX;I;506,000;434,000;940,000;21,000;450,000;580,000;385,000;520,000;19,000;24,000;3281,000;2559,000;1448,000;19,000;43,000;10975,000;8431,000;1206,000;4422,000;2780,000;1440,000;1340,000;;500,000;2850,000;73,000;73,000;21,000;4,000;4696,000;29,000;581,000;438,000;395,000;455,000;724,000;557,000;506,000;577,000;185,000;224,000;137,000;0,000;608
University of Texas ;1;3658;TX;I;603,000;523,000;1126,000;25,000;546,000;670,000;466,000;588,000;23,000;28,000;14752,000;9572,000;5329,000;48,000;85,000;30017,000;5189,000;840,000;5130,000;3309,000;1733,000;1576,000;1068,000;650,000;3140,000;91,000;99,000;19,700;11,000;7837,000;65,000;732,000;476,000;432,000;577,000;888,000;599,000;548,000;713,000;997,000;439,000;480,000;30,000;2099
Brigham Young Univer;2;3670;UT;I;;;;;;;;;24,000;29,000;7365,000;5402,000;4615,000;48,000;82,000;27378,000;1253,000;2340,000;2340,000;3580,000;2112,000;1468,000;;860,000;1220,000;76,000;76,000;20,500;40,000;7916,000;33,000;661,000;504,000;431,000;543,000;851,000;668,000;577,000;711,000;577,000;382,000;304,000;49,000;1372
University of Utah  ;1;3675;UT;I;543,000;484,000;1027,000;24,000;450,000;620,000;410,000;550,000;21,000;26,000;5095,000;4491,000;2400,000;27,000;53,000;13894,000;8374,000;1954,000;6857,000;3975,000;1550,000;2425,000;427,000;858,000;3093,000;89,000;93,000;12,800;9,000;9275,000;37,000;615,000;432,000;383,000;498,000;792,000;574,000;514,000;652,000;388,000;231,000;216,000;25,000;860
Utah State Universit;1;3677;UT;I;520,000;480,000;1000,000;22,000;390,000;560,000;400,000;500,000;19,000;26,000;4281,000;3825,000;2426,000;26,000;53,000;10657,000;4257,000;1650,000;5775,000;3315,000;1335,000;1980,000;363,000;700,000;1460,000;83,000;93,000;18,700;10,000;7462,000;;518,000;403,000;364,000;420,000;688,000;546,000;497,000;567,000;199,000;165,000;158,000;20,000;583
University of Vermon;1;3696;VT;I;553,000;488,000;1041,000;;500,000;610,000;440,000;540,000;;;7663,000;6008,000;1735,000;18,000;51,000;7353,000;1674,000;6210,000;15516,000;4928,000;3148,000;1780,000;442,000;500,000;990,000;87,000;90,000;9,900;10,000;12646,000;79,000;606,000;450,000;370,000;458,000;770,000;586,000;486,000;592,000;175,000;174,000;115,000;0,000;555
College of William a;1;3705;VA;I;640,000;600,000;1240,000;;590,000;700,000;540,000;650,000;;;7117,000;3106,000;1217,000;68,000;88,000;5186,000;134,000;2808,000;11720,000;4298,000;2318,000;1980,000;1748,000;600,000;800,000;89,000;92,000;12,100;31,000;9534,000;93,000;679,000;499,000;382,000;525,000;827,000;621,000;484,000;650,000;185,000;132,000;123,000;30,000;470
Old Dominion Univers;1;3728;VA;I;494,000;440,000;934,000;;430,000;550,000;390,000;490,000;;;4569,000;3110,000;1251,000;18,000;39,000;8346,000;2501,000;3854,000;9464,000;4540,000;;;74,000;600,000;;79,000;86,000;15,100;17,000;6727,000;45,000;595,000;451,000;370,000;446,000;731,000;564,000;468,000;557,000;165,000;228,000;156,000;52,000;643
Virginia Commonwealt;1;3735;VA;I;488,000;449,000;937,000;;420,000;550,000;390,000;510,000;;;4963,000;3497,000;1567,000;18,000;45,000;10262,000;5065,000;3034,000;10217,000;4182,000;1620,000;2562,000;880,000;500,000;3630,000;81,000;87,000;8,700;11,000;11183,000;45,000;610,000;492,000;404,000;491,000;753,000;611,000;501,000;609,000;220,000;310,000;211,000;43,000;784
George Mason Univers;1;3749;VA;I;;;;;470,000;570,000;420,000;520,000;;;5653,000;4326,000;1727,000;17,000;29,000;9528,000;3822,000;4044,000;10800,000;4840,000;3150,000;1690,000;25,000;580,000;1050,000;93,000;96,000;19,300;7,000;6751,000;46,000;753,000;524,000;445,000;568,000;909,000;650,000;550,000;696,000;210,000;266,000;156,000;43,000;675
Virginia Tech       ;1;3754;VA;I;;;;;529,000;640,000;440,000;550,000;;;15712,000;11719,000;4277,000;29,000;53,000;18511,000;604,000;3926,000;10260,000;3176,000;;;;740,000;2200,000;85,000;89,000;13,800;20,000;8944,000;73,000;655,000;467,000;404,000;519,000;802,000;582,000;506,000;641,000;598,000;526,000;270,000;91,000;1485
University of Washin;1;3798;WA;I;;;;;500,000;640,000;420,000;550,000;22,000;27,000;12749,000;7025,000;3343,000;40,000;81,000;20356,000;4582,000;2907,000;8199,000;4218,000;;;;708,000;2172,000;96,000;94,000;9,000;10,000;16527,000;65,000;683,000;485,000;421,000;555,000;838,000;606,000;524,000;687,000;893,000;472,000;352,000;11,000;1906
Washington State Uni;1;3800;WA;I;;;;;430,000;560,000;370,000;480,000;;;6540,000;5839,000;2440,000;31,000;70,000;14445,000;1344,000;2907,000;8200,000;4210,000;3910,000;;160,000;800,000;2719,000;84,000;87,000;16,900;30,000;10912,000;56,000;597,000;447,000;393,000;470,000;734,000;559,000;488,000;584,000;337,000;281,000;279,000;62,000;965
West Virginia Univer;1;3827;WV;I;507,000;439,000;946,000;22,000;450,000;560,000;380,000;490,000;20,000;24,000;9630,000;7801,000;2881,000;23,000;49,000;14524,000;1053,000;2128,000;6370,000;4310,000;2284,000;2026,000;;;;83,000;86,000;13,400;;8318,000;57,000;535,000;431,000;361,000;439,000;642,000;521,000;438,000;529,000;335,000;237,000;272,000;22,000;895
Marquette University;2;3863;WI;I;561,000;492,000;1053,000;25,000;500,000;630,000;440,000;540,000;23,000;28,000;5152,000;4600,000;1685,000;36,000;71,000;7016,000;804,000;11610,000;11610,000;4760,000;;4760,000;150,000;600,000;1950,000;86,000;94,000;13,500;25,000;9982,000;77,000;705,000;521,000;426,000;527,000;884,000;662,000;525,000;662,000;94,000;238,000;151,000;0,000;483
University of Wiscon;1;3895;WI;I;;;;;510,000;660,000;430,000;570,000;23,000;28,000;14901,000;10932,000;4631,000;36,000;80,000;23945,000;2200,000;2737,000;9096,000;4290,000;2050,000;2240,000;;535,000;1545,000;93,000;96,000;11,500;20,000;11006,000;72,000;666,000;498,000;439,000;573,000;831,000;628,000;566,000;721,000;918,000;287,000;360,000;30,000;1641
University of Wiscon;1;3896;WI;I;;;;22,000;;;;;21,000;25,000;5244,000;3782,000;1930,000;12,000;37,000;11561,000;7443,000;2771,000;8786,000;2964,000;1964,000;1000,000;;570,000;1980,000;79,000;87,000;15,900;8,000;8094,000;38,000;604,000;465,000;421,000;495,000;761,000;598,000;544,000;632,000;267,000;306,000;192,000;2,000;797
University of Minnes;1;3969;MN;I;568,000;484,000;1052,000;23,000;500,000;650,000;420,000;550,000;20,000;26,000;11054,000;6397,000;3524,000;26,000;55,000;16502,000;21836,000;3171,000;8949,000;3744,000;1498,000;2246,000;414,000;714,000;2910,000;88,000;90,000;12,200;37,000;16122,000;45,000;662,000;468,000;418,000;557,000;842,000;613,000;552,000;719,000;785,000;468,000;271,000;12,000;1538
Ohio State Universit;1;6883;OH;I;;;;;450,000;610,000;400,000;530,000;20,000;26,000;15076,000;12860,000;5330,000;24,000;52,000;31039,000;6005,000;3087,000;9315,000;4484,000;;;;525,000;2550,000;;95,000;13,100;17,000;10900,000;56,000;703,000;491,000;415,000;555,000;846,000;603,000;516,000;676,000;758,000;679,000;443,000;30,000;1910
Rutgers at New Bruns;1;6964;NJ;I;594,000;513,000;1107,000;;530,000;660,000;460,000;570,000;;;48094,000;26330,000;4520,000;36,000;79,000;21401,000;3712,000;3640,000;7410,000;4748,000;2780,000;1986,000;1003,000;690,000;2009,000;90,000;95,000;19,500;19,000;10474,000;77,000;846,000;611,000;478,000;665,000;1045,000;780,000;624,000;838,000;601,000;393,000;258,000;90,000;1374
Pennsylvania State U;1;6965;PA;I;583,000;500,000;1083,000;;530,000;651,000;450,000;560,000;;;19315,000;10344,000;3450,000;48,000;93,000;28938,000;2025,000;4966,000;10645,000;4060,000;1840,000;2220,000;70,000;512,000;2394,000;77,000;96,000;18,100;19,000;8992,000;63,000;721,000;509,000;417,000;522,000;887,000;642,000;525,000;652,000;622,000;449,000;427,000;160,000;1799
Baylor University   ;2;6967;TX;I;;;;;500,000;620,000;430,000;540,000;21,000;25,000;6075,000;5349,000;2367,000;34,000;66,000;9919,000;484,000;6450,000;6450,000;3920,000;2230,000;1690,000;570,000;600,000;1346,000;71,000;76,000;18,500;38,000;7503,000;72,000;619,000;474,000;397,000;476,000;791,000;610,000;504,000;607,000;226,000;131,000;103,000;7,000;601
University of Virgin;1;6968;VA;I;;;;;590,000;710,000;520,000;630,000;;;15849,000;5384,000;2678,000;74,000;95,000;11278,000;114,000;3724,000;12212,000;3792,000;1816,000;1976,000;756,000;500,000;1000,000;90,000;92,000;9,500;22,000;13597,000;95,000;777,000;517,000;430,000;610,000;953,000;653,000;545,000;757,000;445,000;277,000;201,000;18,000;973
Miami University at ;1;7104;OH;I;;;;;540,000;640,000;470,000;560,000;23,000;27,000;9239,000;7788,000;3290,000;35,000;39,000;13606,000;807,000;3740,000;8856,000;3960,000;1860,000;2100,000;798,000;500,000;1382,000;81,000;89,000;17,600;20,000;7846,000;85,000;616,000;474,000;376,000;478,000;797,000;614,000;487,000;619,000;258,000;225,000;219,000;60,000;763
University of Michig;1;9092;MI;I;634,000;543,000;1177,000;27,000;580,000;700,000;490,000;600,000;25,000;30,000;19152,000;12940,000;4893,000;66,000;92,000;22045,000;1339,000;5040,000;15732,000;4659,000;;;175,000;476,000;1600,000;90,000;98,000;11,500;26,000;14847,000;87,000;777,000;577,000;460,000;605,000;955,000;731,000;595,000;760,000;850,000;419,000;472,000;9,000;1968
SUNY at Buffalo     ;1;9554;NY;I;572,000;480,000;1052,000;;550,000;650,000;450,000;550,000;;;15039,000;9649,000;3087,000;36,000;;13963,000;3124,000;2650,000;6550,000;4731,000;4731,000;;424,000;708,000;957,000;90,000;97,000;13,600;15,000;11177,000;56,000;762,000;548,000;423,000;601,000;970,000;704,000;534,000;767,000;400,000;338,000;218,000;9,000;982
Indiana State Univer;1;9563;IN;I;434,000;391,000;825,000;20,000;360,000;500,000;330,000;450,000;17,000;22,000;5659,000;4761,000;3147,000;10,000;31,000;8596,000;1949,000;2802,000;6892,000;3706,000;;;;600,000;2500,000;72,000;76,000;16,600;8,000;6996,000;40,000;500,000;394,000;343,000;423,000;647,000;513,000;438,000;545,000;248,000;133,000;151,000;16,000;548
University of Texas ;1;9741;TX;I;632,000;556,000;1188,000;27,000;580,000;690,000;480,000;640,000;24,000;30,000;1089,000;780,000;410,000;46,000;79,000;2106,000;2919,000;784,000;4536,000;4953,000;;;724,000;645,000;2979,000;91,000;96,000;20,800;;9094,000;;661,000;505,000;451,000;557,000;810,000;634,000;571,000;692,000;89,000;58,000;59,000;1,000;207
University of South ;1;10300;SD;I;;;;22,000;;;;;;;2160,000;2031,000;1268,000;15,000;39,000;5368,000;1066,000;1454,000;3811,000;2620,000;1208,000;1412,000;1125,000;675,000;1118,000;71,000;79,000;14,600;28,000;6456,000;;480,000;364,000;340,000;362,000;570,000;438,000;410,000;436,000;88,000;75,000;134,000;55,000;352
Univ. of New Mexico-;1;10313;NM;I;;;;22,000;430,000;580,000;390,000;530,000;19,000;24,000;3871,000;3349,000;1891,000;27,000;53,000;12257,000;5264,000;1884,000;7115,000;3516,000;;;420,000;584,000;500,000;91,000;88,000;14,300;;8209,000;34,000;579,000;431,000;379,000;466,000;693,000;521,000;459,000;561,000;314,000;268,000;195,000;0,000;837
Texas A&M Univ. at C;1;10366;TX;I;578,000;491,000;1069,000;25,000;510,000;640,000;430,000;550,000;22,000;27,000;14474,000;10519,000;6392,000;49,000;85,000;31643,000;2798,000;840,000;5130,000;3412,000;1772,000;1640,000;751,000;600,000;2144,000;89,000;91,000;23,100;29,000;8471,000;69,000;645,000;460,000;394,000;505,000;798,000;587,000;509,000;637,000;652,000;424,000;305,000;2,000;1546
